MAPID,NAME,LOCATION,MAINTAINER,IN_OPERATI,PET_FRIEND,PHOTO_NAME,Easting,Northing
DFPB0001,"Fountain location:
Aberdeen Park",plaza,Parks,spring to fall,,Aberdeen Park - drinking fountain - 2005.JPG,498017.0937,5453586.315
DFPB0002,"Fountain location:
Adanac Park",SW side of Field house,Parks,spring to fall,,,498245.1736,5458134.418
DFPB0003,"Fountain location:
Alexandra Park",west plaza gateway,Parks,spring to fall,,Alexandra Park - drinking fountain - 2003.jpg,489645.8606,5459221.817
DFPB0004,"Fountain location:
Almond Park",S-side of playground,Parks,spring to fall,,,486558.0935,5456496.522
DFPB0005,"Fountain location:
Andy Livingstone Park",by amphitheatre steps near bas,Parks,spring to fall,,,492277.2611,5458467.851
DFPB0006,"Fountain location:
Andy Livingstone Park",north side of fieldhouse,Parks,spring to fall,,,492467.6194,5458371.978
DFPB0007,"Fountain location:
Arbutus Greenway Park",S-side of playground,Parks,spring to fall,,Arbutus Greenway Park - drinking fountain - 2005.JPG,488700.4792,5456619.333
DFPB0008,"Fountain location:
Arbutus Village Park",S-side of playground,Parks,spring to fall,,,488502.8707,5455124.577
DFPB0009,"Fountain location:
Art Phillips Park (Discovery Square)",NW plaza,Parks,spring to fall,,Discovery Square - drinking fountain - 2005.JPG,491206.0684,5459259.679
DFPB0010,"Fountain location:
Balaclava Park",W of wading pool,Parks,spring to fall,,,487239.3099,5454786.616
DFPB0011,"Fountain location:
Beaconsfield Park",adjacent to field house,Parks,spring to fall,,Beaconsfield Park - drinking fountain - 2005.JPG,496357.5511,5455837.735
DFPB0012,"Fountain location:
Bobolink Park",in front of wading pool,Parks,spring to fall,,,495915.0429,5451427.845
DFPB0132,"Fountain location:
Brewers Park",S-side of wading pool,Parks,spring to fall,,,495181.2222,5454978.052
DFPB0013,"Fountain location:
Burrard View Park",N-side of wading pool,Parks,spring to fall,,,496330.1914,5459753.708
DFPB0030,"Fountain location:
CRAB Park at Portside",,Parks,,,,492596.2014,5459116.964
DFPB0014,"Fountain location:
Carnarvon Park",S-side of wading pool,Parks,spring to fall,,,487448.0091,5456043.725
DFPB0015,"Fountain location:
Cartier Park",SE corner (Prince Edward&37th),Parks,spring to fall,,,492929.6272,5453843.522
DFPB0016,"Fountain location:
Chaldecott Park",W-side of spray park,Parks,spring to fall,,,486050.7275,5455230.967
DFPB0017,"Fountain location:
Charleson Park",N of school off of seawall,Parks,spring to fall,,,490841.8973,5457269.495
DFPB0018,"Fountain location:
China Creek North Park",S central side along jogging c,Parks,spring to fall,,,493952.7324,5456860.528
DFPB0019,"Fountain location:
China Creek South Park",S-side of skate park,Parks,spring to fall,,,494248.7455,5456556.931
DFPB0020,"Fountain location:
Clark Park",,Parks,,,,494681.425,5456011.972
DFPB0021,"Fountain location:
Clinton Park",E-side of wading pool,Parks,spring to fall,,Clinton Park - drinking fountain - 2005.JPG,496353.8942,5457561.804
DFPB0022,"Fountain location:
Clinton Park",N-side of B-ball diamond,Parks,spring to fall,,,496241.2555,5457626.583
DFPB0023,"Fountain location:
Coal Harbour Park",near playground,Parks,spring to fall,,,490883.4704,5459699.562
DFPB0024,"Fountain location:
Collingwood Park",in front of wading pool,Parks,spring to fall,,,497352.8447,5453808.827
DFPB0025,"Fountain location:
Columbia Park",in front of wading pool,Parks,spring to fall,,Columbia Park - drinking fountain - 2005.JPG,491774.0584,5453245.018
DFPB0026,"Fountain location:
Connaught Park",,Parks,,,,488255.6955,5456580.198
DFPB0027,"Fountain location:
Connaught Park",near fieldhouse,Parks,year-round,,Connaught Park - drinking fountain - 2005.JPG,488408.3104,5456702.32
DFPB0028,"Fountain location:
Coopers' Park",,Parks,,,,491777.2573,5457912.443
DFPB0029,"Fountain location:
Coopers' Park","underneath bridge, near basket",Parks,spring to fall,,Coopers Park - drinking fountain - 2005.JPG,491661.283,5457800.266
DFPB0031,"Fountain location:
Creekside Park",,Parks,,,,492500.9395,5458057.735
DFPB0032,"Fountain location:
David Lam Park",near playground and tennis court,Parks,spring to fall,,,490855.7348,5457671.918
DFPB0033,"Fountain location:
David Lam Park","E area, near playground",Parks,spring to fall,,,491032.7143,5457756.341
DFPB0034,"Fountain location:
Devonian Harbour Park",near Stanley Park entrance,Parks,year-round,,,490112.5262,5460269.436
DFPB0035,"Fountain location:
Douglas Park",in front of wading pool,Parks,spring to fall,,Douglas Park - drinking fountain 1 - 2005.JPG,491099.9457,5455610.038
DFPB0036,"Fountain location:
Douglas Park (community centre)",exterior of building,Parks,spring to fall,,Douglas Park - drinking fountain 2 - 2005.JPG,491086.2751,5455481.879
DFPB0037,"Fountain location:
Ebisu Park",near playground,Parks,spring to fall,,Ebisu Park - drinking fountain - 2008.JPG,490324.1996,5450310.318
DFPB0038,"Fountain location:
Elm Park",N-side of field house,Parks,spring to fall,,,488105.4902,5453436.152
DFPB0040,"Fountain location:
Emery Barnes Park",,Parks,,,,490961.2381,5458216.926
DFPB0039,"Fountain location:
Emery Barnes Park",,Parks,,,,490996.6711,5458267.463
DFPB0042,"Fountain location:
English Bay Beach Park",opposite entrance to bathhouse,Parks,year-round,,English Bay Park - drinking fountain - 2005.jpg,489599.1988,5459274.49
DFPB0041,"Fountain location:
English Bay Beach Park",Davie st entrance,Parks,spring to fall,,English Bay Park - drinking fountain - 2005.jpg,489633.0889,5459429.18
DFPB0043,"Fountain location:
English Bay Beach Park",concessions,Parks,spring to fall,,,489968.6396,5458481.549
DFPB0044,"Fountain location:
Falaise Park",in front of wading pool,Parks,spring to fall,,,497819.5988,5455798.163
DFPB0045,"Fountain location:
Fraser River Park",,Parks,spring to fall,,Fraser River Park - drinking fountain - 2007.JPG,489016.263,5450425.497
DFPB0046,"Fountain location:
Fraser River Park",near park entrance by Angus Dr,Parks,spring to fall,,Fraser River Park - drinking fountain - 2007.JPG,489123.5666,5450504.216
DFPB0047,"Fountain location:
Fraserview Golf Course",W off kerr st.,Parks,spring to fall,,,496921.5363,5450957.513
DFPB0048,"Fountain location:
Fraserview Golf Course",clubhouse building,Parks,spring to fall,,,496248.0319,5451251.257
DFPB0049,"Fountain location:
Fraserview Golf Course",6th tee,Parks,spring to fall,,,496672.8227,5450614.627
DFPB0050,"Fountain location:
Fraserview Golf Course",driving range,Parks,spring to fall,,,496257.9655,5451079.757
DFPB0051,"Fountain location:
Garden Park",N-side of field house,Parks,spring to fall,,,495750.5613,5457305.427
DFPB0052,"Fountain location:
Gaston Park",near basketball court,Parks,spring to fall,,Gaston Park - drinking fountain - 2005.JPG,497714.5435,5453758.86
DFPB0053,"Fountain location:
George Park",southeast corner of park,Parks,spring to fall,,George Park - drinking fountain - 2005.JPG,493183.9778,5451085.467
DFPB0054,"Fountain location:
George Wainborn Park",NE corner near seawall,Parks,spring to fall,,,490559.48,5457691.318
DFPB0055,"Fountain location:
Grandview Park",Close to the Stage,Parks,spring to fall,,,494846.8346,5457884.121
DFPB0056,"Fountain location:
Grandview Park",By the Playground,Parks,spring to fall,,,494879.4522,5457886.368
DFPB0057,"Fountain location:
Granville Loop Park",,Parks,,,,489979.2721,5457172.666
DFPB0058,"Fountain location:
Grays Park",front of wading pool,Parks,spring to fall,,,493814.4812,5454259.799
DFPB0059,"Fountain location:
Guelph Park",w-side of tennis courts,Parks,spring to fall,,,493047.567,5456844.698
DFPB0060,"Fountain location:
Harbour Green Park","west, by seawall",Parks,spring to fall,,,491037.514,5459850.171
DFPB0062,"Fountain location:
Harbour Green Park",near spray pool,Parks,spring to fall,,,491151.8936,5459713.576
DFPB0061,"Fountain location:
Harbour Green Park",foot of Jervis Mews,Parks,spring to fall,,,491043.9334,5459773.562
DFPB0064,"Fountain location:
Hastings Community Park",besides path leading to spray,Parks,spring to fall,,Hastings Community Park - drinking fountain - 2005.JPG,497046.5027,5458636.431
DFPB0063,"Fountain location:
Hastings Community Park",besides wading pool,Parks,spring to fall,,Hastings Community Park - drinking fountain - 2005.JPG,497221.2768,5458637.452
DFPB0065,"Fountain location:
Hastings Park - italian gardens",near skate park,Parks,spring to fall,,Hastings Park (Empire Field) - drinking fountain - 2006.JPG,496876.8507,5458945.03
DFPB0068,"Fountain location:
Hastings Park -Plateau Sport Parks / Empire Fields",,Parks,,,Hastings Park (Empire Field) - drinking fountain - 2006.JPG,497508.0521,5458868.306
DFPB0070,"Fountain location:
Hastings Park -Plateau Sport Parks / Empire Fields",,Parks,,,Hastings Park (Empire Field) - drinking fountain - 2006.JPG,497508.0521,5458868.306
DFPB0066,"Fountain location:
Hastings Park -Plateau Sport Parks / Empire Fields",field house at empire field,Parks,spring to fall,,Hastings Park (Empire Field) - drinking fountain - 2006.JPG,497509.1855,5458880.116
DFPB0067,"Fountain location:
Hastings Park -Plateau Sport Parks / Empire Fields",north of empire field,Parks,spring to fall,,Hastings Park (Empire Field) - drinking fountain - 2006.JPG,497572.7645,5459007.405
DFPB0069,"Fountain location:
Hastings Park -Plateau Sport Parks / Empire Fields",,Parks,,,Hastings Park (Empire Field) - drinking fountain - 2006.JPG,497491.9971,5458916.704
DFPB0072,"Fountain location:
Hillcrest Park",,Parks,,,,492215.6736,5454782.736
DFPB0071,"Fountain location:
Hillcrest Park",,Parks,,,,492164.8766,5454684.242
DFPB0073,"Fountain location:
Jericho Beach Park",,Parks,,,,486053.5305,5457712.725
DFPB0074,"Fountain location:
John Hendry (Trout Lake) Park",nearby beach,Parks,spring to fall,,,495490.4001,5455698.077
DFPB0075,"Fountain location:
Jonathan Rogers Park",E-side of wading pool,Parks,spring to fall,,,492178.9345,5456839.639
DFPB0076,"Fountain location:
Kaslo Park",SE corner of tennis courts,Parks,spring to fall,,,496716.0821,5456811.716
DFPB0077,"Fountain location:
Kensington Park",between baseball diamond and parking lots,Parks,spring to fall,,,494593.3075,5453943.361
DFPB0078,"Fountain location:
Kerrisdale Centennial Park",2nd N-side entrance,Parks,spring to fall,,,488556.8895,5453418.187
DFPB0079,"Fountain location:
Killarney Park",in front of wading pool,Parks,spring to fall,,Killarney Park - drinking fountain 1 - 2005.JPG,496951.7151,5452709.876
DFPB0080,"Fountain location:
Killarney Park",north plaza,Parks,spring to fall,,Killarney Park - drinking fountain 2 - 2005.JPG,496699.8631,5452947.485
DFPB0081,"Fountain location:
Kingcrest Park",E-side of washroom,Parks,spring to fall,,Kingcrest Park - drinking fountain - 2005.JPG,494573.2788,5454964.721
DFPB0084,"Fountain location:
Kitsilano Beach Park",besides parking lot,Parks,spring to fall,,,488963.8521,5458243.15
DFPB0082,"Fountain location:
Kitsilano Beach Park",opposite washrooms,Parks,spring to fall,,,488811.7298,5457981.819
DFPB0083,"Fountain location:
Kitsilano Beach Park",besides playground,Parks,spring to fall,,,488924.0624,5458133.613
DFPB0088,"Fountain location:
Langara Golf Course",clubhouse building,Parks,spring to fall,,,491806.3624,5452351.157
DFPB0087,"Fountain location:
Langara Golf Course",56th and Ontario,Parks,spring to fall,,,492257.7102,5451863.638
DFPB0085,"Fountain location:
Langara Golf Course",servive yard,Parks,spring to fall,,,491865.2751,5451726.515
DFPB0086,"Fountain location:
Langara Golf Course",cambie pathway,Parks,spring to fall,,,491530.0553,5452272.654
DFPB0089,"Fountain location:
Locarno Beach Park",near concessions,Parks,spring to fall,,,484932.1722,5458055.94
DFPB0090,"Fountain location:
MacDonald Park",near NW corner of tennis court,Parks,spring to fall,,,492828.9927,5453037.32
DFPB0091,"Fountain location:
Maclean Park",,Parks,,,,493495.6999,5458469.744
DFPB0092,"Fountain location:
Major Matthews Park",,Parks,,,,492215.2682,5456551.794
DFPB0094,"Fountain location:
Maple Grove Park",E-side of pool,Parks,spring to fall,,,488372.3586,5452290.062
DFPB0093,"Fountain location:
Maple Grove Park",S-side of baseball dimond,Parks,spring to fall,,,488290.2274,5452326.589
DFPB0095,"Fountain location:
Marpole Park",west entrance to playground,Parks,spring to fall,,Marpole Park - drinking fountain - 2005.JPG,489879.2552,5450335.352
DFPB0096,"Fountain location:
McBride Park",S of playground,Parks,spring to fall,,McBride Park - drinking fountain - 2007.JPG,486896.4478,5457267.582
DFPB0097,"Fountain location:
McCleery Golf Course",5th tee,Parks,spring to fall,,,487556.6315,5451980.317
DFPB0100,"Fountain location:
McCleery Golf Course",servive yard,Parks,spring to fall,,,487567.9925,5452008.646
DFPB0098,"Fountain location:
McCleery Golf Course",clubhouse building,Parks,spring to fall,,,487777.5629,5452044.002
DFPB0099,"Fountain location:
McCleery Golf Course",driving range,Parks,spring to fall,,,487648.9469,5452003.777
DFPB0101,"Fountain location:
Melbourne Park",front of tennis courts,Parks,spring to fall,,Melbourne Park - drinking fountain - 2005.JPG,497882.2621,5453750.567
DFPB0103,"Fountain location:
Memorial South Park",W-side of wading pool,Parks,year-round,,,493672.886,5453188.684
DFPB0102,"Fountain location:
Memorial South Park",,Parks,,,,493829.4365,5453208.751
DFPB0104,"Fountain location:
Memorial West Park",S of tennis courts,Parks,spring to fall,,,486368.647,5454537.897
DFPB0105,"Fountain location:
Moberly Park",in front of tennis courts,Parks,spring to fall,,,493839.9778,5451352.731
DFPB0106,"Fountain location:
Moberly Park",,Parks,,,,493650.6184,5451409.71
DFPB0107,"Fountain location:
Morton Park",,Parks,spring to fall,,,489655.5618,5459430.249
DFPB0108,"Fountain location:
Mosaic Creek Park",near children's play area,Parks,spring to fall,,,494602.452,5457840.397
DFPB0109,"Fountain location:
Mount Pleasant Park",S-side of wading pool,Parks,spring to fall,,,492255.4936,5456028.08
DFPB0110,"Fountain location:
Nanaimo Park",in front of wading pool,Parks,spring to fall,,Nanaimo Park - drinking fountain - 2005.JPG,495856.9038,5452845.998
DFPB0111,"Fountain location:
Nelson Park",middle of park,Parks,spring to fall,,Nelson Park - drinking fountain - 2006.JPG,490547.9154,5458918.246
DFPB0114,"Fountain location:
New Brighton Park",SW of playground,Parks,spring to fall,,New Brighton - drinking fountain 1 - 2007.JPG,497187.6098,5459643.808
DFPB0113,"Fountain location:
New Brighton Park",W-side of pool,Parks,spring to fall,,New Brighton - drinking fountain 2 - 2007.JPG,497334.8551,5459625.614
DFPB0112,"Fountain location:
New Brighton Park",W-side of tennis courts,Parks,spring to fall,,,497417.4073,5459661.372
DFPB0115,"Fountain location:
Norquay Park",front of wading pool,Parks,spring to fall,,,496301.1909,5453945.841
DFPB0118,"Fountain location:
Oak Park",In spray park,Parks,spring to fall,,Oak Park - drinking fountain 1 - 2007.JPG,490724.1541,5451552.422
DFPB0117,"Fountain location:
Oak Park",East side of fieldhouse,Parks,spring to fall,,Oak Park - drinking fountain 3 - 2007.JPG,490668.2804,5451585.534
DFPB0116,"Fountain location:
Oak Park",Near parking lot,Parks,spring to fall,,Oak Park - drinking fountain 2 - 2007.JPG,490597.8067,5451555.082
DFPB0119,"Fountain location:
Oppenheimer Park",,Parks,,,,493160.5963,5458921.38
DFPB0120,"Fountain location:
Pandora Park",N-side of wading pool,Parks,spring to fall,,,495841.1905,5458915.254
DFPB0121,"Fountain location:
Park Site On South East False Creek - Hinge",,Parks,,,,491984.1946,5457605.534
DFPB0122,"Fountain location:
Pioneer Place (Pigeon Park)",,Parks,,,,492400.547,5458784.734
DFPB0124,"Fountain location:
Queen Elizabeth Park",37th and Ontario,Parks,spring to fall,,Queen Elizabeth Park - drinking fountain 1 - 2006.JPG,492312.5034,5453866.25
DFPB0125,"Fountain location:
Queen Elizabeth Park",At Conservatory,Parks,spring to fall,,Queen Elizabeth Park (Ontario Greenway) - drinking fountain 2 - 2006.JPG,491736.6361,5454406.826
DFPB0123,"Fountain location:
Queen Elizabeth Park",Pitch and Putt Course,Parks,year-round,,,491881.7737,5454061.086
DFPB0126,"Fountain location:
Quilchena Park",W-side of fieldhouse,Parks,spring to fall,,,489168.8465,5454671.977
DFPB0127,"Fountain location:
Renfrew Community Park",adjacent to wading pool,Parks,spring to fall,,Renfrew Park - drinking fountain - 2007.JPG,496938.4158,5455494.859
DFPB0128,"Fountain location:
Riverfront Park",E-side of washrooms,Parks,spring to fall,,,496226.7243,5450341.921
DFPB0129,"Fountain location:
Riverfront Park",w-side of tennis courts,Parks,spring to fall,,,496287.6183,5450340.101
DFPB0130,"Fountain location:
Robson Park",N-side of wading pool,Parks,spring to fall,,,493313.1994,5456129.751
DFPB0131,"Fountain location:
Ross Park",near shelter,Parks,spring to fall,,,493983.269,5451588.146
DFPB0133,"Fountain location:
Ross Park",in front of wading pool,Parks,spring to fall,,,493997.8903,5451573.01
DFPB0134,"Fountain location:
Rupert Park",S-side of golf entrance booth,Parks,spring to fall,,Rupert Park - drinking fountain 2 - 2007.JPG,497772.614,5457824.749
DFPB0135,"Fountain location:
Rupert Park",E-side of playground,Parks,spring to fall,,,497594.8097,5457607.926
DFPB0136,"Fountain location:
Rupert Park",E-side of Field house,Parks,spring to fall,,Rupert Park - drinking fountain 1 - 2007.JPG,497773.1365,5457499.791
DFPB0137,"Fountain location:
Seaforth Peace Park",S end plaza,Parks,spring to fall,,,489365.4311,5457603.224
DFPB0138,"Fountain location:
Slocan Greenway",12th and slocan,Parks,spring to fall,,,496381.061,5456178.272
DFPB0139,"Fountain location:
Slocan Park",near playground,Parks,spring to fall,,,496480.335,5454626.209
DFPB0140,"Fountain location:
Spanish Banks Beach Park",on north wall of washrooms,Parks,spring to fall,,,483825.0305,5458338.686
DFPB0153,"Fountain location:
Stanley Park",Third beach seawall,Parks,spring to fall,,,488635.924,5461180.691
DFPB0152,"Fountain location:
Stanley Park",Second Beach pool deck,Parks,spring to fall,,,489017.9862,5460325.121
DFPB0151,"Fountain location:
Stanley Park",Second Beach,Parks,year-round,,,489092.6475,5460259.58
DFPB0150,"Fountain location:
Stanley Park",Totem poles,Parks,,,,491226.4857,5460708.502
DFPB0147,"Fountain location:
Stanley Park",prospect point washrooms,Parks,spring to fall,,,489626.8832,5462205.055
DFPB0149,"Fountain location:
Stanley Park",Pitch and Putt Course,Parks,,,,489349.6639,5460050.959
DFPB0156,"Fountain location:
Stanley Park",Prospect Point picnic area,Parks,spring to fall,,,489228.7094,5462009.071
DFPB0144,"Fountain location:
Stanley Park",Rose Garden playground,Parks,,,,489218.2594,5462001.117
DFPB0146,"Fountain location:
Stanley Park",W - side of Fish House,Parks,spring to fall,,,489312.196,5459965.651
DFPB0145,"Fountain location:
Stanley Park",Ceperley washrooms,Parks,spring to fall,,,489187.321,5460122.239
DFPB0143,"Fountain location:
Stanley Park",near Tennis Courts & Fish House,Parks,year-round,,,489383.9973,5459963.357
DFPB0142,"Fountain location:
Stanley Park",Lumbermen's Arch,Parks,year-round,,,490499.8671,5461159.81
DFPB0141,"Fountain location:
Stanley Park",Prospect Point viewing,Parks,spring to fall,,,489647.2898,5462315.605
DFPB0159,"Fountain location:
Stanley Park",Brockton Clubhouse,Parks,,,,489218.2594,5462001.117
DFPB0148,"Fountain location:
Stanley Park",,Parks,,,,490220.8578,5461000.387
DFPB0186,"Fountain location:
Stanley Park",,Parks,,,,490247.2215,5460718.226
DFPB0157,"Fountain location:
Stanley Park",pavillion outside washrooms,Parks,,,,490273.0912,5460771.058
DFPB0162,"Fountain location:
Stanley Park",Park Board Office,Parks,year-round,,,489218.2594,5462001.117
DFPB0155,"Fountain location:
Stanley Park",brockton oval,Parks,spring to fall,,,490829.4066,5460786.754
DFPB0154,"Fountain location:
Stanley Park",Legends Of The Moon - Washroom,Parks,,,,491182.2391,5460772.656
DFPB0161,"Fountain location:
Stanley Park",Beside Dog off-leash area,Parks,spring to fall,,,489218.2594,5462001.117
DFPB0160,"Fountain location:
Stanley Park",Lawn Bowling,Parks,spring to fall,,,489218.2594,5462001.117
DFPB0158,"Fountain location:
Stanley Park",Brockton point - lighthouse,Parks,spring to fall,,,489218.2594,5462001.117
DFPB0163,"Fountain location:
Strathcona Park",besides basketball court,Parks,spring to fall,,,493776.4295,5458143.396
DFPB0164,"Fountain location:
Strathcona Park",besides baseball diamond,Parks,spring to fall,,,493695.4231,5458023.129
DFPB0165,"Fountain location:
Sunrise Park",N-side of wading pool,Parks,spring to fall,,,497406.1776,5457138.084
DFPB0066,"Fountain location:
Sunset Beach",on building wall,Parks,spring to fall,,English Bay Park - drinking fountain - 2005.jpg,489962.4562,5458481.038
DFPB0167,"Fountain location:
Sunset Park",front of wading pool,Parks,spring to fall,,,492975.6906,5452245.508
DFPB0168,"Fountain location:
Sutcliffe Park",S-side of false creek communit,Parks,spring to fall,,,490250.6622,5457393.802
DFPB0169,"Fountain location:
Tea Swamp Park",NE corner of park,Parks,spring to fall,,,492827.2141,5456081.891
DFPB0170,"Fountain location:
Tecumseh Park",middle of park,Parks,spring to fall,,,494890.8066,5452994.745
DFPB0171,"Fountain location:
Tisdall Park",near North baseball diamond,Parks,spring to fall,,,491390.4423,5452861.616
DFPB0172,"Fountain location:
Trafalgar Park",E-side of wading pool,Parks,spring to fall,,,488078.0358,5455413.863
DFPB0173,"Fountain location:
Trillium Park",on west side of building,Parks,spring to fall,,,493227.5078,5458038.505
DFPB0175,"Fountain location:
Vandusen Botanical Garden",near reflecting pond,Parks,spring to fall,,,490579.0606,5454089.208
DFPB0174,"Fountain location:
Vandusen Botanical Garden",upper gardens,Parks,spring to fall,,,490542.5146,5454001.9
DFPB0176,"Fountain location:
Vanier Park (Burrard Civic Marina)",,Parks,year-round,,,489834.4669,5458060.593
DFPB0177,"Fountain location:
Victoria Park",adjacent to children's play area,Parks,spring to fall,,Victoria Park - drinking fountain - 2007.JPG,495144.5673,5457664.346
DFPB0178,"Fountain location:
Victory Square",south corner of park,Parks,spring to fall,,Victory Square - drinking fountain - 2008.JPG,491996.1278,5458805.553
DFPB0179,"Fountain location:
W.C. Shelly Park",,Parks,spring to fall,,,494682.0306,5456712.582
DFPB0180,"Fountain location:
West End minipark",Bute & Haro,Parks,spring to fall,,West End Minipark @ Bute & Haro - drinking fountain - 2005.JPG,490689.1597,5459179.485
DFPB0181,"Fountain location:
West End minipark - JERVIS ST @ BURNABY ST",north end,Parks,spring to fall,,,490106.2149,5458824.414
DFPB0182,"Fountain location:
West Point Grey Park",In lawn bowling court,Parks,spring to fall,,,485075.4044,5457153.332
DFPB0183,"Fountain location:
West Point Grey Park",N-side of wading pool,Parks,spring to fall,,,485067.8202,5457060.789
DFPB0184,"Fountain location:
Winona Park",near playground,Parks,spring to fall,,,491767.4687,5451467.831
DFPB0185,"Fountain location:
Woodland Park",in front of wading pool,Parks,spring to fall,,,494660.7042,5458423.999
DFENG0500,"Bottle Filling Station location: 
Charleson Park Pumping Station",North side of sewage pumping station 900 Charleson,Engineering,Year Round,N,CharlesonParkPumpingStation.jpg,490839.5399,5457071.971
DFENG0501,"Bottle Filling Station location: 
Grandview Hwy Pumping Station",,Engineering,Year Round,N,GrandviewHwyPumpingStation.jpg,496988.9487,5456129.436
DFENG0502,"Bottle Filling Station location: 
Granville Island Pumping Station",North side of sewage pumping station on seawall east of the granville island entrance,Engineering,Year Round,N,GranvilleIslandPumpingStation.jpg,490093.5348,5457431.778
DFENG0503,"Bottle Filling Station location: 
Granville St Pumping Station",North side of sewage pumping station under Granville Bridge on bike route,Engineering,Year Round,N,GranvilleStPumpingStation.jpg,490428.7545,5457850.132
DFENG0504,"Bottle Filling Station location: 
Kitsilano Pumping Station",North side of sewage pumping station on w/s/ 1300 Arbutus,Engineering,Year Round,N,KitsilanoPumpingStation.jpg,488886.6054,5457895.244
DFENG0505,"Bottle Filling Station location: 
Thornton Park Pumping Station",West side of sewage pumping station on w/s/ 1200 Station St,Engineering,Year Round,N,ThorntonParkPumpingStation.jpg,492806.8466,5457813.412
DFENG0011,"Fountain location:
1650 W 7th","Midblock, outside of 1650 W 7th",Engineering,May-October,Y,1650 w 7th 2.JPG,489663.1517,5456961.54
DFENG0001,"Fountain location:
28th & Main",Northeast corner of 28th & Main,Engineering,May-October,N,Main 28th 1.JPG,492647.5648,5454781.471
DFENG0012,"Fountain location:
37th & Oak",Southeast corner of 37th & Oak,Engineering,May-October,N,Oak 37th 2.JPG,490727.2108,5453875.554
DFENG0013,"Fountain location:
37th & Ontario",Northwest corner of 37th & Ontario,Engineering,May-October,N,Ontario&37th.jpg,492309.5115,5453857.442
DFENG0018,"Fountain location:
37th & Prince Edward",Northwest corner of 37th & Prince Edward,Engineering,May-October,Y,Prince Ed 37th 4.JPG,492918.3298,5453828.744
DFENG0002,"Fountain location:
39th & Nanaimo",Southwest corner of 39th & Nanaimo,Engineering,May-October,N,Nanaimo&39th.jpg,495711.3148,5453554.25
DFENG0003,"Fountain location:
4th & Arbutus",Northeast corner of 4th & Arbutus,Engineering,May-October,N,P3140883.JPG,488890.8,5457285.304
DFENG0004,"Fountain location:
56th & Ontario",Northwest corner of 56th & Ontario,Engineering,May-October,Y,Ontario 56th 2.JPG,492250.8002,5451863.026
DFENG0014,"Fountain location:
7th & Yukon",Southwest corner of 7th & Yukon,Engineering,May-October,N,Yukon&7th.jpg,491781.177,5456883.583
DFENG0022,"Fountain location:
Ashburn & Elliot",Northwest corner of Ashburn & Elliot,Engineering,May-October,N,Ashburn&Elliot.jpg,495991.6042,5451775.635
DFENG0015,"Fountain location:
Broadway & Ontario",Southwest corner of Broadway & Ontario,Engineering,May-October,N,Broadway ON 2.JPG,492358.6423,5456684.323
DFENG0032,"Fountain location:
Broadway & Stephens",Northwest corner of Broadway & Stephens,Engineering,May-October,N,P3140921.JPG,487875.6,5456843.584
DFENG0016,"Fountain location:
Broadway & Victoria",Southeast corner of Broadway & Victoria,Engineering,May-October,N,Broadway Victoria 2.JPG,495225.692,5456591.151
DFENG0024,"Fountain location:
Burrard & Davie",Northwest corner of Burrard & Davie,Engineering,Year Round,N,Davie&Burrard.jpg,490600.5949,5458507.194
DFENG0005,"Fountain location:
Cardero & Burnaby",In the mini park at Cardero & Burnaby,Engineering,May-October,N,P2080275.JPG,489850.9088,5459094.658
DFENG0021,"Fountain location:
Commercial & 3rd",Northeast corner of Commercial & 3rd,Engineering,May-October,Y,Commercial&3rd.jpg,494951.8598,5457231.003
DFENG0025,"Fountain location:
Comox & Cardero",Northeast corner of Comox & Cardero,Engineering,Year Round,N,Comox&Cardero.jpg,490072.321,5459340.889
DFENG0026,"Fountain location:
Comox & Chilco",In mini park at Comox & Chilco,Engineering,May-October,N,Comox&Chilco.jpg,489627.3001,5459779.244
DFENG0027,"Fountain location:
Comox & Denman",Northwest corner of Comox & Denman,Engineering,Year Round,N,Comox&Denman.jpg,489841.9229,5459568.91
DFENG0033,"Fountain location:
Denman & Nelson",Southwest corner of Denman & Nelson,Engineering,May-October,N,P3011141.JPG,489925.0179,5459617.576
DFENG0017,"Fountain location:
Elgin & 37th",Northwest corner of Elgin & 37th,Engineering,May-October,N,Elgin&37th.jpg,493882.4804,5453753.349
DFENG0028,"Fountain location:
Gilford & Comox",Northwest corner of Gilford & Comox,Engineering,May-October,N,Comox&Gilford.jpg,489726.0299,5459679.333
DFENG0006,"Fountain location:
Gilford & Nelson",Northwest corner of Gilford & Nelson,Engineering,May-October,N,P3011198.jpg,489803.3601,5459759.414
DFENG0029,"Fountain location:
Granville & 59th",Northeast corner of Granville & 59th,Engineering,Year Round,N,Granville&59th.jpg,489834.8202,5451623.124
DFENG0019,"Fountain location:
Granville & Robson",Northwest corner of Granville & Robson,Engineering,Year Round,N,Granville Robson 2.JPG,491277.0576,5458761.156
DFENG0020,"Fountain location:
Hastings & Gore",Northeast corner of Hastings & Gore,Engineering,Year Round,Y,Hastings&Gore.jpg,492928.4281,5458741.441
DFENG0034,"Fountain location:
Hastings & Kamloops",Northeast corner of Hastings & Kamloops,Engineering,May-October,N,Hastings Kamploops 1.JPG,496039.9874,5458695.186
DFENG0023,"Fountain location:
Main & 11th",Southeast corner of Main & 11th,Engineering,Year Round,N,Main&11th.jpg,492667.0077,5456482.062
DFENG0007,"Fountain location:
Nelson & Broughton",In mini park at Nelson & Broughton,Engineering,May-October,N,P2130403.JPG,490303.3198,5459226.174
DFENG0008,"Fountain location:
Nicola & Beach",Northeast corner of Nicola & Beach,Engineering,May-October,N,Nicola Beach 1.JPG,489781.1164,5458857.45
DFENG0009,"Fountain location:
Robson & Burrard",Northeast corner of Robson & Burrard,Engineering,May-October,Y,P2190667.JPG,491106.1603,5458930.853
DFENG0010,"Fountain location:
Robson & Chilco",In mini park at Robson & Chilco,Engineering,May-October,N,P2020133.JPG,489946.132,5460088.051
DFENG0030,"Fountain location:
Union & Hawks",In mini park at Union & Hawks,Engineering,Year Round,N,Union&Hawks.jpg,493643.7427,5458316.607
DFENG0031,Fountain location: Cambie & 10th,Northeast corner of Cambie & 10th,Engineering,Year Round,N,,491666.0452,5456620.738
DFENG0037,Fountain location: Oak & 46th,Northeast corner of Oak & 46th,Engineering,Year Round,N,Oak&46th.jpg,490681.7657,5452959.256
DFENG0038,Fountain location:Nelson & Howe,Southeast corner of Nelson & Howe,Engineering,Year Round,N,,491016.6378,5458553.686
DFENG0036,Fountain location:Pt.Grey & MacDonald,Northwest corner of Pt. Grey & MacDonald,Engineering,Year Round,N,Pt. Grey&MacDonald.jpg,487788.9953,5457670.76
DFENG0035,Fountian Location: Fraser & Broadway,Northwest corner of Fraser & Broadway,Engineering,Year Round,N,,493508.2403,5456655.387
DFENG0600,"Temporary Fountain location:
Northeast corner of 70th and Granville",Northeast corner of 70th and Granville,Engineering,Summer,N,,489782.758,5450665.437
DFENG0601,"Temporary Fountain location:
Northeast corner of Commercial and Broadway?á",Northeast corner of Commercial and Broadway?á,Engineering,Summer,N,,494939.5451,5456632.178
DFENG0604,"Temporary Fountain location:
Southeast corner of Ontario and 1st",Southeast corner of Ontario and 1st,Engineering,Summer,N,,492400.4276,5457490.741
DFENG0605,Temporary Fountain location: Northeast corner of E. Hastings and Heatley,Northeast corner of E. Hastings and Heatley,Engineering,Summer,N,,493497.8912,5458732.623
DFENG0603,Temporary Fountain location:Southeast corner of Robson and Bidwell,Southeast corner of Robson and Bidwell,Engineering,Summer,N,,490271.7452,5459722.361
DFENG0602,Temporary Fountain location:Southwest corner of Richards and Dunsmuir,Southwest corner of Richards and Dunsmuir,Engineering,Summer,N,,491660.9202,5458854.5
